Triangle,Edge 01,Edge 02,Edge 12,Triangle Parameter,Edge 01,Edge 02,Edge 12
0,1 (21),1 (01),1 (02),1.9999999999999931,3.9999999999999885,1.0000000000000002,0.9999999999999929
1,0 (02),0 (12),0 (10),2.0,1.0,1.0,4.0
